pred_val,pred_label,label
0.9983875751495361,1,1
0.9802789688110352,1,1
0.994103729724884,1,1
0.9959545135498047,1,1
0.9851561784744263,1,1
0.9991174340248108,1,1
0.3785898685455322,0,1
0.31418541073799133,0,1
0.9999889135360718,1,1
0.9860633015632629,1,1
0.01803380250930786,0,1
0.9999779462814331,1,1
0.9999505281448364,1,1
0.942068874835968,1,1
0.1507900208234787,0,1
0.9970173835754395,1,1
0.9689249396324158,1,1
0.9991042017936707,1,1
0.9938470721244812,1,1
0.9999849796295166,1,1
0.9997124075889587,1,1
0.9995699524879456,1,1
0.9029539227485657,1,1
0.5916233658790588,1,1
0.9693413376808167,1,1
0.9998801946640015,1,1
0.9016597867012024,1,1
0.5575217008590698,1,1
0.9999384880065918,1,1
0.9999196529388428,1,1
0.9653993844985962,1,1
0.9999984502792358,1,1
0.6353102326393127,1,1
0.13419941067695618,0,1
0.7412109375,1,1
0.9430034756660461,1,1
0.9997594952583313,1,1
0.8029844164848328,1,1
0.9999415874481201,1,1
0.9613167643547058,1,1
0.9961330890655518,1,1
0.976168692111969,1,1
0.6921321153640747,1,1
0.9746965765953064,1,1
0.9999698400497437,1,1
0.9999833106994629,1,1
0.9999969005584717,1,1
0.7628687024116516,1,1
0.999997615814209,1,1
0.9851351380348206,1,1
0.9888876080513,1,1
0.9999988079071045,1,1
0.999873161315918,1,1
0.032599419355392456,0,1
0.9385913014411926,1,1
0.38911840319633484,0,1
0.999969482421875,1,1
0.9999994039535522,1,1
0.8929452300071716,1,1
0.9184116721153259,1,1
0.988856852054596,1,1
0.9999998807907104,1,1
0.999466598033905,1,1
0.4106236696243286,0,1
0.9937704205513,1,1
0.9738576412200928,1,1
0.06792058795690536,0,1
0.9994933605194092,1,1
0.9999978542327881,1,1
0.9980558156967163,1,1
0.9994080066680908,1,1
0.9995099306106567,1,1
0.9999985694885254,1,1
0.569983184337616,1,1
0.9595389366149902,1,1
0.9954829216003418,1,1
0.9999853372573853,1,1
0.14789864420890808,0,1
0.9338410496711731,1,1
0.9999995231628418,1,1
0.9998001456260681,1,1
0.8651658892631531,1,1
0.9999946355819702,1,1
0.9999895095825195,1,1
0.9943074584007263,1,1
0.2748545706272125,0,1
0.8600611090660095,1,1
0.9999946355819702,1,1
0.9999632835388184,1,1
0.8715163469314575,1,1
0.9999986886978149,1,1
0.5748346447944641,1,1
0.6414762735366821,1,1
0.9988139867782593,1,1
0.9872530102729797,1,1
0.9993531107902527,1,1
0.9999260902404785,1,1
0.9787362217903137,1,1
0.9939403533935547,1,1
0.9860066175460815,1,1
0.07139388471841812,0,1
0.9823834896087646,1,1
0.9999401569366455,1,1
0.9999631643295288,1,1
0.9999600648880005,1,1
0.9997945427894592,1,1
0.9997724890708923,1,1
0.9988865256309509,1,1
0.9844034910202026,1,1
0.5284712910652161,1,1
0.9979294538497925,1,1
0.8001729846000671,1,1
0.8259560465812683,1,1
0.9999527931213379,1,1
0.9872491955757141,1,1
0.999527096748352,1,1
0.8829925656318665,1,1
0.9929420948028564,1,1
0.9990743398666382,1,1
0.9386250972747803,1,1
0.7187567949295044,1,1
0.22786159813404083,0,1
0.9977138042449951,1,1
0.9992740750312805,1,1
0.2134617269039154,0,1
0.6889437437057495,1,1
0.9999266862869263,1,1
0.9727997779846191,1,1
0.9999860525131226,1,1
0.569259524345398,1,1
0.7977525591850281,1,1
0.9997792840003967,1,1
0.9948375821113586,1,1
0.9541178345680237,1,1
0.9999986886978149,1,1
0.9357004761695862,1,1
0.9999804496765137,1,1
0.8539257645606995,1,1
0.9999903440475464,1,1
0.9942198991775513,1,1
0.9377887845039368,1,1
0.8421470522880554,1,1
0.9555964469909668,1,1
0.9874623417854309,1,1
0.9993652701377869,1,1
0.9993401169776917,1,1
0.8597306609153748,1,1
0.9996532201766968,1,1
0.9920098781585693,1,1
0.04121050611138344,0,1
0.9899335503578186,1,1
0.9999767541885376,1,1
0.9988849759101868,1,1
0.9986523985862732,1,1
0.9998416900634766,1,1
0.9999356269836426,1,1
0.999366819858551,1,1
0.9255281090736389,1,1
0.9931422472000122,1,1
0.984891414642334,1,1
0.9998670816421509,1,1
0.994152843952179,1,1
0.9999752044677734,1,1
0.07739300280809402,0,1
0.9867499470710754,1,1
0.9748342037200928,1,1
0.5631752014160156,1,1
0.999962329864502,1,1
0.0030718587804585695,0,1
0.9995111227035522,1,1
0.8899511098861694,1,1
0.999995231628418,1,1
1.0,1,1
0.9956514239311218,1,1
0.9887154698371887,1,1
0.9989751577377319,1,1
0.9999631643295288,1,1
0.9942637085914612,1,1
0.9999915361404419,1,1
0.9997952580451965,1,1
0.9986997842788696,1,1
0.9986203908920288,1,1
0.9996379613876343,1,1
0.8601200580596924,1,1
0.9985350370407104,1,1
0.9517766237258911,1,1
0.9997305274009705,1,1
0.9846556186676025,1,1
0.9991282820701599,1,1
0.9951902627944946,1,1
0.9472384452819824,1,1
0.9751924276351929,1,1
0.9998716115951538,1,1
0.9998012185096741,1,1
0.9997813105583191,1,1
0.998865008354187,1,1
0.9998939037322998,1,1
0.6117827892303467,1,1
0.999056875705719,1,1
0.5436558127403259,1,1
0.9999927282333374,1,1
0.003277499694377184,0,1
0.9544121623039246,1,1
0.9928320646286011,1,1
0.9999189376831055,1,1
0.990917980670929,1,1
0.9879506826400757,1,1
0.972496747970581,1,1
0.9946866035461426,1,1
0.9999995231628418,1,1
0.9999855756759644,1,1
0.8654370903968811,1,1
0.6935637593269348,1,1
0.7026987075805664,1,1
0.9604356288909912,1,1
0.9895854592323303,1,1
0.5957039594650269,1,1
0.9823600053787231,1,1
0.9973102807998657,1,1
0.6847374439239502,1,1
0.9796808958053589,1,1
0.9966534972190857,1,1
0.9999288320541382,1,1
0.9993645548820496,1,1
0.5425694584846497,1,1
0.995398223400116,1,1
0.6327686905860901,1,1
0.9456648230552673,1,1
0.9979956150054932,1,1
0.9649052023887634,1,1
0.9740487337112427,1,1
0.9999788999557495,1,1
0.5270887017250061,1,1
0.9995915293693542,1,1
0.9997557997703552,1,1
0.35557281970977783,0,1
0.07436356693506241,0,1
0.9996273517608643,1,1
0.9999992847442627,1,1
0.9999990463256836,1,1
0.9997887015342712,1,1
0.999638557434082,1,1
0.8030130863189697,1,1
0.4319213926792145,0,1
0.9999608993530273,1,1
0.9582288265228271,1,1
0.6201184391975403,1,1
0.9297178387641907,1,1
0.9945501685142517,1,1
0.9965735673904419,1,1
0.16165472567081451,0,1
0.9999985694885254,1,1
0.9526485800743103,1,1
0.9985259175300598,1,1
0.9253250360488892,1,1
0.4692818820476532,0,1
0.965298056602478,1,1
0.9903491735458374,1,1
0.9218713641166687,1,1
0.9997515082359314,1,1
0.9997473359107971,1,1
0.9994843006134033,1,1
0.9987837672233582,1,1
0.9999290704727173,1,1
0.9999521970748901,1,1
0.9973911046981812,1,1
0.9998014569282532,1,1
0.9999313354492188,1,1
0.9915665984153748,1,1
0.9501268267631531,1,1
0.598265528678894,1,1
0.9999006986618042,1,1
0.7588053941726685,1,1
0.9922435879707336,1,1
0.979317307472229,1,1
0.9870614409446716,1,1
0.5413497686386108,1,1
0.9964978694915771,1,1
0.998946487903595,1,1
0.9997871518135071,1,1
0.9999343156814575,1,1
0.5998418927192688,1,1
0.977719247341156,1,1
0.9751191735267639,1,1
0.999148964881897,1,1
0.9886685013771057,1,1
0.9993306398391724,1,1
0.9999998807907104,1,1
0.926302433013916,1,1
0.9836561679840088,1,1
0.9999756813049316,1,1
0.9985710382461548,1,1
0.9280887246131897,1,1
0.9957262277603149,1,1
0.8545277118682861,1,1
0.999988317489624,1,1
0.7010409235954285,1,1
0.12822334468364716,0,1
0.9982388019561768,1,1
0.8833763599395752,1,1
0.9994010925292969,1,1
0.8393518924713135,1,1
0.31515368819236755,0,1
0.9978765249252319,1,1
0.3381138741970062,0,1
0.9994292855262756,1,1
0.2652904987335205,0,1
0.6070623397827148,1,1
0.9970180988311768,1,1
0.9996542930603027,1,1
0.9999262094497681,1,1
0.9802312254905701,1,1
0.9997261166572571,1,1
0.9953581690788269,1,1
0.918487012386322,1,1
0.9689409136772156,1,1
0.9998576641082764,1,1
0.6487142443656921,1,1
0.17110033333301544,0,1
0.9999986886978149,1,1
0.803061842918396,1,1
0.9981943964958191,1,1
0.9999871253967285,1,1
0.9886065125465393,1,1
0.400613009929657,0,1
0.9926321506500244,1,1
0.9974567294120789,1,1
0.9874082803726196,1,1
0.9998867511749268,1,1
0.9991698265075684,1,1
0.9745240211486816,1,1
0.9979569911956787,1,1
0.9763180017471313,1,1
0.6903461813926697,1,1
0.9998900890350342,1,1
0.9925963878631592,1,1
0.9534110426902771,1,1
0.9995743632316589,1,1
0.9961832165718079,1,1
0.9003178477287292,1,1
0.9997937083244324,1,1
0.9982296824455261,1,1
0.9975333213806152,1,1
0.008288399316370487,0,1
0.2523805499076843,0,1
0.9993485808372498,1,1
0.999996542930603,1,1
0.9337572455406189,1,1
0.9999746084213257,1,1
0.9993948936462402,1,1
0.999786913394928,1,1
0.9901346564292908,1,1
0.9738761782646179,1,1
0.764676570892334,1,1
0.9990367889404297,1,1
0.997093677520752,1,1
0.524196445941925,1,1
0.9852014183998108,1,1
0.999595582485199,1,1
0.9832581877708435,1,1
0.8099477887153625,1,1
0.09580092877149582,0,1
0.9673503637313843,1,1
0.9999887943267822,1,1
0.9875708818435669,1,1
0.9420995712280273,1,1
0.6736051440238953,1,1
0.9551378488540649,1,1
0.9999990463256836,1,1
0.800751805305481,1,1
0.999854564666748,1,1
0.07600635290145874,0,1
0.9998599290847778,1,1
0.9264481067657471,1,1
0.999373733997345,1,1
0.9999803304672241,1,1
0.9999822378158569,1,1
0.3686854839324951,0,1
0.9999125003814697,1,1
0.9999107122421265,1,1
0.35718008875846863,0,1
0.947673499584198,1,1
0.6510827541351318,1,1
0.9949316382408142,1,1
0.9716609120368958,1,1
0.9928156137466431,1,1
0.8064582943916321,1,1
0.9999756813049316,1,1
0.9998759031295776,1,1
0.8429514765739441,1,1
0.9833264946937561,1,1
0.9977049231529236,1,1
0.9999991655349731,1,1
0.6218940615653992,1,1
0.9984673857688904,1,1
0.9664434194564819,1,1
0.9458745121955872,1,1
0.9918496608734131,1,1
0.780426025390625,1,1
0.9975186586380005,1,1
0.9999486207962036,1,1
0.9343199729919434,1,1
0.8073596954345703,1,1
0.7735589146614075,1,1
0.5142596960067749,1,1
0.9961601495742798,1,1
0.9998332262039185,1,1
0.9969307780265808,1,1
0.9996563196182251,1,1
0.9996438026428223,1,1
0.999822199344635,1,1
0.9997654557228088,1,1
0.9324328899383545,1,1
0.9963359832763672,1,1
0.9999979734420776,1,1
0.9995249509811401,1,1
0.4989778995513916,0,1
0.9953417778015137,1,1
0.9999978542327881,1,1
0.9999686479568481,1,1
0.9708549380302429,1,1
0.9853689074516296,1,1
0.9994961023330688,1,1
0.9985679388046265,1,1
0.9976867437362671,1,1
0.9999443292617798,1,1
0.9093123078346252,1,1
0.2481098473072052,0,1
0.21315684914588928,0,1
0.9481180310249329,1,1
0.9999973773956299,1,1
0.9999867677688599,1,1
0.9999518394470215,1,1
0.9366135597229004,1,1
0.049657467752695084,0,1
0.9821475744247437,1,1
0.9999483823776245,1,1
0.916330873966217,1,1
0.006377766374498606,0,1
0.9947971701622009,1,1
0.9998809099197388,1,1
0.5734918117523193,1,1
0.2900198996067047,0,1
0.019943103194236755,0,0
0.009548659436404705,0,0
0.30578675866127014,0,0
0.006759015377610922,0,0
0.6133676171302795,1,0
1.6381485693273135e-05,0,0
0.19675564765930176,0,0
9.651808068156242e-05,0,0
0.0007247031317092478,0,0
0.0010356022976338863,0,0
0.2629050314426422,0,0
1.6014959328458644e-05,0,0
5.494836841535289e-06,0,0
0.000981844263151288,0,0
0.025684958323836327,0,0
0.4914916753768921,0,0
0.0006163177313283086,0,0
0.16428957879543304,0,0
0.0018171092960983515,0,0
0.00013047111860942096,0,0
5.841021106789412e-07,0,0
2.8170898076496087e-05,0,0
0.002169681480154395,0,0
0.00024414341896772385,0,0
3.222412851755507e-05,0,0
1.8269500287715346e-05,0,0
0.0001537028729217127,0,0
0.01920805685222149,0,0
0.0005358033231459558,0,0
0.9083606600761414,1,0
2.225543539680075e-05,0,0
3.287907020421699e-05,0,0
1.891578358481638e-05,0,0
0.01801970787346363,0,0
0.11734510213136673,0,0
0.45474281907081604,0,0
0.10496623069047928,0,0
9.325613063992932e-05,0,0
1.462628233639407e-06,0,0
0.000628858630079776,0,0
1.1323508033456164e-06,0,0
5.918237093283096e-06,0,0
0.42627543210983276,0,0
0.0015878229169175029,0,0
2.797034176182933e-05,0,0
5.0229436965310015e-06,0,0
0.08563504368066788,0,0
0.0002041640254901722,0,0
0.019803056493401527,0,0
4.074051321367733e-05,0,0
0.2634834945201874,0,0
1.3714462738789734e-06,0,0
0.00023073761258274317,0,0
7.564548468508292e-06,0,0
0.8876790404319763,1,0
0.0343351736664772,0,0
4.749622561917022e-08,0,0
0.09044836461544037,0,0
0.00014817914052400738,0,0
2.456899665048695e-06,0,0
0.16661429405212402,0,0
0.0007732109515927732,0,0
6.1028520576655865e-05,0,0
0.3148285150527954,0,0
0.28194889426231384,0,0
0.0241876021027565,0,0
3.828210537903942e-06,0,0
0.28837892413139343,0,0
4.1752013203222305e-05,0,0
0.006778114940971136,0,0
0.003461279673501849,0,0
0.005137307569384575,0,0
3.986931187682785e-05,0,0
7.061415089992806e-06,0,0
0.002343748928979039,0,0
0.00025215186178684235,0,0
6.441953883040696e-05,0,0
0.07384557276964188,0,0
1.3937941503172624e-06,0,0
0.00010939669300569221,0,0
0.13510408997535706,0,0
0.000846845272462815,0,0
0.006050007417798042,0,0
4.668625592785247e-07,0,0
0.03976481407880783,0,0
0.0002711052366066724,0,0
0.003407444106414914,0,0
0.3735690414905548,0,0
0.0040320889092981815,0,0
0.0030582849867641926,0,0
6.400757115443412e-07,0,0
0.003402423346415162,0,0
0.6640224456787109,1,0
0.018843812867999077,0,0
0.010235914029181004,0,0
0.019668474793434143,0,0
0.013784198090434074,0,0
0.0057952688075602055,0,0
0.23465247452259064,0,0
1.702461850072723e-05,0,0
0.29129818081855774,0,0
0.00010646865848684683,0,0
0.0019461540505290031,0,0
0.012387966737151146,0,0
0.0008884265553206205,0,0
0.003247832180932164,0,0
0.0002955062664113939,0,0
0.015549054369330406,0,0
0.38739722967147827,0,0
1.7410662621841766e-05,0,0
0.0519646480679512,0,0
0.0003233575262129307,0,0
0.004086247179657221,0,0
0.0018803218845278025,0,0
1.8763319530989975e-05,0,0
0.01064126007258892,0,0
0.011287173256278038,0,0
0.0764402449131012,0,0
0.011004178784787655,0,0
0.009596196003258228,0,0
0.0011654234258458018,0,0
0.0007373663247562945,0,0
0.04376272112131119,0,0
0.0007376559660769999,0,0
2.656505841969192e-07,0,0
0.007458938285708427,0,0
0.005246926564723253,0,0
0.0004279536078684032,0,0
5.097585017210804e-05,0,0
0.004343905486166477,0,0
0.2572435438632965,0,0
0.004625729285180569,0,0
8.581493602832779e-05,0,0
0.3709598183631897,0,0
0.0018899424467235804,0,0
0.1393129825592041,0,0
0.0010005496442317963,0,0
0.007883897982537746,0,0
0.0023005162365734577,0,0
0.25432088971138,0,0
0.00012303833500482142,0,0
0.7020017504692078,1,0
0.004971780348569155,0,0
0.0019982955418527126,0,0
0.0017269061645492911,0,0
6.5522863224032335e-06,0,0
1.3648150343215093e-05,0,0
3.7107688513060566e-06,0,0
0.0009147592354565859,0,0
0.003371564904227853,0,0
4.1226603570976295e-06,0,0
0.004760189447551966,0,0
0.007240255828946829,0,0
0.0010938559425994754,0,0
0.6311168074607849,1,0
1.234746196132619e-05,0,0
0.0015732821775600314,0,0
0.00011616144911386073,0,0
0.0005104602896608412,0,0
0.04948350414633751,0,0
1.3726422594118048e-06,0,0
1.1812239790742751e-06,0,0
4.5471741032088175e-05,0,0
0.7835997939109802,1,0
0.9711737036705017,1,0
0.00955282337963581,0,0
0.01777973212301731,0,0
0.009756399318575859,0,0
0.19893041253089905,0,0
0.00010918940824922174,0,0
9.620290802558884e-05,0,0
0.011637161485850811,0,0
0.008195068687200546,0,0
0.0029510927852243185,0,0
4.870946941082366e-05,0,0
0.00032755022402852774,0,0
0.03801921755075455,0,0
0.009174480102956295,0,0
0.0030249287374317646,0,0
0.0002530349884182215,0,0
6.493862019851804e-05,0,0
0.002740943105891347,0,0
0.00013310613576322794,0,0
2.73643308901228e-05,0,0
0.05809953063726425,0,0
0.0003361115523148328,0,0
1.6494179362780415e-05,0,0
0.0004809920210391283,0,0
0.001916531240567565,0,0
0.10110201686620712,0,0
0.0006909749354235828,0,0
0.005839761346578598,0,0
0.0006011786172166467,0,0
0.9161064624786377,1,0
0.0003750304167624563,0,0
5.151079676579684e-06,0,0
0.004821187350898981,0,0
2.008923871699153e-08,0,0
1.124719119616202e-06,0,0
0.0006174471345730126,0,0
9.793126082513481e-05,0,0
0.008361228741705418,0,0
1.1972149422945222e-06,0,0
0.0004927259287796915,0,0
0.04739072918891907,0,0
0.004750912077724934,0,0
0.004518125671893358,0,0
0.013142300769686699,0,0
0.011054902337491512,0,0
0.0006989177782088518,0,0
0.005827775690704584,0,0
0.00024220187333412468,0,0
5.5401142162736505e-06,0,0
0.00023480513482354581,0,0
0.00010752998787211254,0,0
0.00040778922266326845,0,0
0.001987573690712452,0,0
0.00035149374161846936,0,0
0.004351885989308357,0,0
0.002387985121458769,0,0
0.00010901150380959734,0,0
0.0003194431774318218,0,0
0.04742448404431343,0,0
0.003017272101715207,0,0
2.6398392947157845e-05,0,0
0.00014040392125025392,0,0
1.9964552848250605e-05,0,0
0.0006105760694481432,0,0
0.021659616380929947,0,0
0.059471309185028076,0,0
0.025964532047510147,0,0
5.2125407819403335e-05,0,0
3.648138954304159e-05,0,0
0.00333599210716784,0,0
8.578589040553197e-05,0,0
0.0038264463655650616,0,0
0.23178784549236298,0,0
4.8429119487991557e-05,0,0
0.007071026600897312,0,0
0.14319780468940735,0,0
9.962860349332914e-05,0,0
5.3851039410801604e-05,0,0
0.06378588825464249,0,0
0.00011006154090864584,0,0
2.4634573492221534e-06,0,0
0.04212642461061478,0,0
9.439171662961598e-06,0,0
6.254650361370295e-05,0,0
0.004587862640619278,0,0
0.005689501296728849,0,0
0.0005940806004218757,0,0
0.019437188282608986,0,0
0.0017257590079680085,0,0
0.0005361918010748923,0,0
5.787385816802271e-05,0,0
0.01211894117295742,0,0
0.0367974191904068,0,0
4.976258787792176e-05,0,0
0.00019549901480786502,0,0
1.6455891227451502e-06,0,0
8.734776929486543e-05,0,0
5.674955536960624e-05,0,0
8.679668826516718e-05,0,0
0.0010552739258855581,0,0
0.0001742719323374331,0,0
0.022690894082188606,0,0
0.0007253409130498767,0,0
6.7474015850166325e-06,0,0
0.24212409555912018,0,0
0.023549769073724747,0,0
0.0001610143226571381,0,0
0.09972790628671646,0,0
2.5349067982460838e-06,0,0
0.0008566578035242856,0,0
2.7832860723719932e-05,0,0
0.00018973877013195306,0,0
0.00011541033745743334,0,0
0.04080989956855774,0,0
0.0005358977359719574,0,0
0.012470352463424206,0,0
0.016451610252261162,0,0
0.42719218134880066,0,0
1.5302373867598362e-05,0,0
4.245389391144272e-06,0,0
0.013712861575186253,0,0
0.9619479179382324,1,0
3.849180245651951e-07,0,0
0.0002429204323561862,0,0
1.5067473668750608e-06,0,0
0.029850976541638374,0,0
0.03928346186876297,0,0
0.11338295787572861,0,0
0.004819808062165976,0,0
0.0022401143796741962,0,0
0.0004058897902723402,0,0
0.0005389972357079387,0,0
0.00011341441131662577,0,0
0.08487877249717712,0,0
0.08715866506099701,0,0
0.006205193232744932,0,0
0.0061331517063081264,0,0
1.9959603378083557e-05,0,0
0.00018399901455268264,0,0
0.007610146421939135,0,0
1.8693938841352065e-07,0,0
0.001513129216618836,0,0
0.16024959087371826,0,0
0.015885982662439346,0,0
0.0031325286254286766,0,0
0.2958444058895111,0,0
0.001916943583637476,0,0
0.183827742934227,0,0
0.046836260706186295,0,0
0.016639912500977516,0,0
0.0005486005102284253,0,0
0.00023456885537598282,0,0
0.004502379335463047,0,0
0.1290702223777771,0,0
8.483554847771302e-05,0,0
0.19070269167423248,0,0
0.01119097787886858,0,0
8.13798324088566e-05,0,0
0.43585026264190674,0,0
0.0005969367339275777,0,0
7.293455564649776e-05,0,0
0.00015812093624845147,0,0
0.0004060420615132898,0,0
0.0021619382314383984,0,0
0.006842643488198519,0,0
2.225049138360191e-05,0,0
0.00046927991206757724,0,0
0.009259347803890705,0,0
0.001676006242632866,0,0
2.2300253021967364e-06,0,0
0.014784246683120728,0,0
0.0009920421289280057,0,0
5.694352148566395e-05,0,0
0.5221836566925049,1,0
9.31767044676235e-06,0,0
0.044076062738895416,0,0
0.0022025585640221834,0,0
0.00042158490396104753,0,0
0.007100612856447697,0,0
0.0014615211402997375,0,0
7.442574133165181e-05,0,0
0.006971241440623999,0,0
2.722585804804112e-06,0,0
0.04226340353488922,0,0
0.09646197408437729,0,0
0.0003696428320836276,0,0
0.1890842765569687,0,0
0.009992551989853382,0,0
0.00024439283879473805,0,0
0.008884554728865623,0,0
0.0032114004716277122,0,0
0.00012955557031091303,0,0
0.025069141760468483,0,0
0.0003283171390648931,0,0
0.0021759008523076773,0,0
0.006909990217536688,0,0
0.013562532141804695,0,0
0.0005473743658512831,0,0
0.3243827819824219,0,0
0.0033886751625686884,0,0
0.00526861846446991,0,0
0.02245916798710823,0,0
0.0002552550286054611,0,0
0.0006112934206612408,0,0
4.188696766505018e-05,0,0
0.005456460639834404,0,0
0.04268995672464371,0,0
1.3751416190643795e-05,0,0
0.21765196323394775,0,0
7.3152499680873e-05,0,0
1.2620154848264065e-05,0,0
0.009993619285523891,0,0
6.244095857255161e-05,0,0
7.05318379914388e-05,0,0
0.008080950006842613,0,0
0.00039535146788693964,0,0
2.4028344341786578e-05,0,0
0.00048662585322745144,0,0
0.0007118599023669958,0,0
0.008943730033934116,0,0
0.17714272439479828,0,0
0.003023919416591525,0,0
0.06051655858755112,0,0
0.8708162903785706,1,0
4.4482916564447805e-05,0,0
0.0001723140594549477,0,0
0.01557974237948656,0,0
0.06834258884191513,0,0
2.2605820504395524e-07,0,0
0.024951208382844925,0,0
2.6175787297688657e-06,0,0
0.000454496534075588,0,0
0.0005684715579263866,0,0
0.0026815084274858236,0,0
0.0073515307158231735,0,0
0.0261542946100235,0,0
0.0012444154126569629,0,0
2.9232428460090887e-06,0,0
1.6773109337009373e-06,0,0
7.82526421971852e-06,0,0
5.007338404539041e-05,0,0
0.0021028616465628147,0,0
0.0065233646892011166,0,0
9.337358051197953e-07,0,0
6.343387212837115e-05,0,0
1.8729191651800647e-05,0,0
0.002066368702799082,0,0
5.384966243582312e-06,0,0
0.06634431332349777,0,0
0.0015361675759777427,0,0
0.015565632842481136,0,0
3.5348901292309165e-05,0,0
8.970987255452201e-05,0,0
8.295438601635396e-05,0,0
0.004395509138703346,0,0
0.2304319590330124,0,0
0.00011927229206776246,0,0
6.31413422524929e-05,0,0
6.329076995825744e-07,0,0
0.003644833341240883,0,0
0.0010521188378334045,0,0
0.15130023658275604,0,0
2.238222623418551e-05,0,0
0.00488312030211091,0,0
0.025843748822808266,0,0
4.140337114222348e-05,0,0
0.0002983211597893387,0,0
0.0375487394630909,0,0
0.10855282843112946,0,0
0.028432199731469154,0,0
0.0046249390579760075,0,0
8.6598374764435e-06,0,0
0.0003221077495254576,0,0
0.00035864015808328986,0,0
0.0003656557237263769,0,0
0.011507872492074966,0,0
0.0001879552291939035,0,0
0.014558047987520695,0,0
0.0054322294890880585,0,0
3.791353810811415e-05,0,0
0.03455444052815437,0,0
1.8547818854131037e-06,0,0
0.1302172839641571,0,0
1.9468018308543833e-06,0,0
0.001303527387790382,0,0
0.00043412367813289165,0,0
0.4940629005432129,0,0
3.637245390564203e-05,0,0
0.00010265398304909468,0,0
0.01885242387652397,0,0
0.03670523688197136,0,0
0.0002592753735370934,0,0
0.00029138202080503106,0,0
1.5126897778827697e-05,0,0
0.00013930465502198786,0,0
0.007597908843308687,0,0
1.2089321899111383e-07,0,0
0.019575126469135284,0,0
9.950263120117597e-07,0,0
0.000907016743440181,0,0
0.004292528610676527,0,0
0.00046526981168426573,0,0
0.00018835712398868054,0,0
0.00012206198880448937,0,0
0.003725460497662425,0,0
0.00021769484737887979,0,0
1.0830603969225194e-06,0,0
8.479647658532485e-05,0,0
0.19121265411376953,0,0
0.040794678032398224,0,0
1.1103305951110087e-05,0,0
0.0016030524857342243,0,0
0.04225229471921921,0,0
0.0009264342952519655,0,0
0.0005487077869474888,0,0
0.002959306351840496,0,0
0.018833179026842117,0,0
0.0077848476357758045,0,0
0.000163150456501171,0,0
0.0011843133252114058,0,0
0.07366512715816498,0,0
0.03099168837070465,0,0
9.00679481219413e-07,0,0
0.00011507912131492049,0,0
0.3275337815284729,0,0
0.39216241240501404,0,0
0.0005707736127078533,0,0
2.6807848030330206e-07,0,0
0.9997368454933167,1,0
0.005969873629510403,0,0
0.002213238039985299,0,0
0.00572228105738759,0,0
0.00016831891844049096,0,0
0.01712326891720295,0,0
3.395315070520155e-05,0,0
0.10513655841350555,0,0
5.413396502262913e-05,0,0
0.003176550380885601,0,0
0.006935612764209509,0,0
0.052546724677085876,0,0
0.004273735918104649,0,0
0.05435171350836754,0,0
0.001513261697255075,0,0
0.0005856186617165804,0,0
6.96683709975332e-05,0,0
0.005084861535578966,0,0
0.0026571215130388737,0,0
0.7131112217903137,1,0
0.0061697023920714855,0,0
0.5428733825683594,1,0
0.013555062934756279,0,0
0.0012794343056157231,0,0
0.016025418415665627,0,0
0.005538798402994871,0,0
0.004609635565429926,0,0
0.11799639463424683,0,0
0.0004998191725462675,0,0
0.009617428295314312,0,0
0.009584162384271622,0,0
0.12735140323638916,0,0
1.1027054824808147e-05,0,0
0.012074226513504982,0,0
7.238184025482042e-06,0,0
1.8081524103763513e-05,0,0
0.004610532429069281,0,0
0.008724125102162361,0,0
0.0046253870241343975,0,0
0.8167478442192078,1,0
0.00027816087822429836,0,0
0.007903533056378365,0,0
0.2804200351238251,0,0
0.06547266244888306,0,0
0.0016267489409074187,0,0
0.0002613950928207487,0,0
0.005199665203690529,0,0
0.03092079609632492,0,0
0.0005493660573847592,0,0
0.27093997597694397,0,0
0.0575355663895607,0,0
0.06842970103025436,0,0
1.857136112448643e-06,0,0
0.028228910639882088,0,0
0.028690941631793976,0,0
3.836102405330166e-05,0,0
0.03430550917983055,0,0
3.944059426430613e-05,0,0
0.00028139294590801,0,0
0.0017590506467968225,0,0
0.0005203364999033511,0,0
4.98830058859312e-06,0,0
0.0001517466880613938,0,0
0.03845403343439102,0,0
8.766261998971459e-06,0,0
0.0002208351215813309,0,0
3.4914173738798127e-05,0,0
1.4545308658853173e-05,0,0
0.0076831127516925335,0,0
0.0028314939700067043,0,0
7.935000758152455e-05,0,0
3.919866503565572e-05,0,0
0.0852813720703125,0,0
8.24647577246651e-05,0,0
0.011180160567164421,0,0
9.648260856920388e-06,0,0
0.00011521516717039049,0,0
0.01860234886407852,0,0
0.0012041877489537,0,0
0.0002666982472874224,0,0
0.0006152592250145972,0,0
0.009365396574139595,0,0
0.00023716357827652246,0,0
1.0765700608317275e-05,0,0
0.014112956821918488,0,0
0.0006781758856959641,0,0
0.0032016190234571695,0,0
0.001148474169895053,0,0
0.0008133747614920139,0,0
0.00025449489476159215,0,0
0.0004490771680139005,0,0
0.053884346038103104,0,0
0.0498029999434948,0,0
0.010534015484154224,0,0
0.0155088035389781,0,0
0.002883520210161805,0,0
0.004284326918423176,0,0
1.0297958397131879e-06,0,0
0.00020056117500644177,0,0
3.865962935378775e-05,0,0
0.0017454837216064334,0,0
0.0022235920187085867,0,0
0.002817415399476886,0,0
0.004912668373435736,0,0
0.002717680064961314,0,0
0.06470415741205215,0,0
0.0002789839345496148,0,0
0.00826029758900404,0,0
0.003658772213384509,0,0
0.000895635224878788,0,0
0.0001491927105234936,0,0
0.0002616416895762086,0,0
0.00021519220899790525,0,0
0.008523850701749325,0,0
0.0007069517741911113,0,0
0.005868316628038883,0,0
0.02115248702466488,0,0
0.013344797305762768,0,0
3.7426059407152934e-06,0,0
1.8865976016968489e-06,0,0
1.4415240912057925e-05,0,0
0.00794845912605524,0,0
0.01249274704605341,0,0
0.12153211236000061,0,0
0.000439168798038736,0,0
0.017017504200339317,0,0
0.1738184690475464,0,0
1.3758866771240719e-05,0,0
0.0009158457978628576,0,0
0.00012125041394028813,0,0
5.0866590754594654e-05,0,0
0.00017927993030752987,0,0
0.0969499871134758,0,0
0.8810376524925232,1,0
0.18122904002666473,0,0
0.17439456284046173,0,0
2.5350267605972476e-05,0,0
0.0008434925694018602,0,0
0.0017207593191415071,0,0
1.3548544757213676e-06,0,0
0.001349551253952086,0,0
0.1669793576002121,0,0
0.00022584294492844492,0,0
1.5651802698357642e-07,0,0
2.690964720386546e-05,0,0
0.29560014605522156,0,0
0.010270555503666401,0,0
5.1673694542841986e-05,0,0
3.4751406928990036e-05,0,0
1.517321493338386e-06,0,0
0.0013156671775504947,0,0
0.016510970890522003,0,0
0.0021545218769460917,0,0
0.023766539990901947,0,0
0.003114903112873435,0,0
0.001447836752049625,0,0
0.0031519769690930843,0,0
0.015322504565119743,0,0
1.9686589439515956e-05,0,0
1.0856750122911762e-05,0,0
0.004787683952599764,0,0
0.0005584844620898366,0,0
0.008801336400210857,0,0
0.029198335483670235,0,0
0.00036336362245492637,0,0
0.00012384534056764096,0,0
0.0027597632724791765,0,0
0.08475149422883987,0,0
4.586789145832881e-05,0,0
0.07305224239826202,0,0
0.0004507231351453811,0,0
0.08875612169504166,0,0
0.044899966567754745,0,0
0.004118445795029402,0,0
0.013071497902274132,0,0
8.760194759815931e-06,0,0
0.00698545016348362,0,0
0.00026196392718702555,0,0
0.10412197560071945,0,0
0.6954980492591858,1,0
8.891949983080849e-05,0,0
1.5855153833399527e-05,0,0
1.703306224953849e-05,0,0
5.248313755146228e-05,0,0
0.0004996765055693686,0,0
0.13499431312084198,0,0
0.007713520899415016,0,0
0.0410812683403492,0,0
0.00039351050509139895,0,0
3.475213816273026e-05,0,0
0.011264092288911343,0,0
1.2360137588984799e-05,0,0
0.0012837351532652974,0,0
0.15950967371463776,0,0
3.746320362552069e-05,0,0
0.00016264394798781723,0,0
0.001124287722632289,0,0
1.361179783998523e-06,0,0
0.0012904682662338018,0,0
0.0002686561783775687,0,0
0.03302988409996033,0,0
0.00041351845720782876,0,0
2.2780088329454884e-05,0,0
0.0050136372447013855,0,0
0.0013035634765401483,0,0
3.07569389406126e-05,0,0
0.0005135749815963209,0,0
0.00652515422552824,0,0
0.0012761109974235296,0,0
0.12632408738136292,0,0
2.6803352284332504e-06,0,0
6.967345029806893e-07,0,0
0.07122098654508591,0,0
0.0006174948648549616,0,0
0.14011630415916443,0,0
0.046516284346580505,0,0
0.0032767520751804113,0,0
0.0003323820710647851,0,0
0.1285833716392517,0,0
0.0011559491977095604,0,0
0.00023902571410872042,0,0
0.028494860976934433,0,0
0.36252427101135254,0,0
0.22699756920337677,0,0
0.2475377917289734,0,0
0.042558811604976654,0,0
0.017750278115272522,0,0
0.8291752338409424,1,0
0.0002145532052963972,0,0
0.016330726444721222,0,0
0.0018860830459743738,0,0
9.983904419641476e-06,0,0
0.006881137378513813,0,0
0.41036587953567505,0,0
1.5847715985728428e-05,0,0
0.005726770497858524,0,0
8.926766167860478e-05,0,0
1.4933744978407049e-06,0,0
0.00013231635966803879,0,0
0.0007992114988155663,0,0
0.006580859888345003,0,0
0.1133459061384201,0,0
0.020232291892170906,0,0
0.08486904203891754,0,0
0.00039211096009239554,0,0
0.008051184006035328,0,0
0.0018532454269006848,0,0
0.0036242466885596514,0,0
3.543101411196403e-05,0,0
1.7016642459566356e-06,0,0
4.6314060455188155e-05,0,0
2.5549609290465014e-06,0,0
0.0012837761314585805,0,0
0.006813401822000742,0,0
0.017994550988078117,0,0
0.0017693182453513145,0,0
2.443203811708372e-05,0,0
8.681067993165925e-05,0,0
2.212510116805788e-05,0,0
0.0009711739839985967,0,0
0.001468363800086081,0,0
0.340260773897171,0,0
7.878458745835815e-06,0,0
4.320629159337841e-06,0,0
0.0001384370552841574,0,0
0.0018922557355836034,0,0
0.02725902944803238,0,0
7.247433677548543e-05,0,0
0.34955838322639465,0,0
0.0009494853438809514,0,0
1.1338645890646148e-05,0,0
0.03438972309231758,0,0
1.5524445188930258e-05,0,0
0.018123460933566093,0,0
0.0001739558210829273,0,0
0.004079001955688,0,0
8.24454182293266e-05,0,0
0.0006015119142830372,0,0
0.0064340136013925076,0,0
3.815233867499046e-05,0,0
5.56535305804573e-05,0,0
0.08681663125753403,0,0
5.380458787840325e-06,0,0
2.5148005079245195e-05,0,0
0.0006558634922839701,0,0
0.0003141167399007827,0,0
0.008804273791611195,0,0
0.1985408216714859,0,0
0.04494793713092804,0,0
7.981041562743485e-05,0,0
0.0002895260986406356,0,0
0.002223988762125373,0,0
0.0067768399603664875,0,0
0.00012670416617766023,0,0
0.00032996738445945084,0,0
1.7443970136810094e-05,0,0
0.02024916559457779,0,0
0.002233857521787286,0,0
0.03524836525321007,0,0
0.004675502888858318,0,0
0.00015920886653475463,0,0
0.0014006898272782564,0,0
0.004686473403126001,0,0
0.02729887142777443,0,0
0.2839837074279785,0,0
0.0015586161753162742,0,0
0.0011773816077038646,0,0
0.0004781395255122334,0,0
0.0001979670050786808,0,0
0.00023156031966209412,0,0
5.610446351056453e-06,0,0
0.0005170920048840344,0,0
0.0101166358217597,0,0
2.3850795969337923e-06,0,0
0.0006485991762019694,0,0
0.023104147985577583,0,0
0.0004246650787536055,0,0
0.0002494816726539284,0,0
1.0892477803281508e-05,0,0
0.020668886601924896,0,0
0.01932179182767868,0,0
0.01756596751511097,0,0
0.001247547916136682,0,0
0.08337779343128204,0,0
1.5215731764328666e-05,0,0
0.09690524637699127,0,0
0.002654205309227109,0,0
0.1079748198390007,0,0
5.6471213611075655e-05,0,0
4.242667444032122e-07,0,0
0.0022648994345217943,0,0
0.002661065896973014,0,0
0.0033284714445471764,0,0
0.0035385536029934883,0,0
3.106515941908583e-05,0,0
1.521391823189333e-05,0,0
0.0003821729333139956,0,0
0.0001301561133004725,0,0
0.0015830331249162555,0,0
0.0003235916083212942,0,0
0.6504515409469604,1,0
5.783137567050289e-06,0,0
0.011115416884422302,0,0
1.4761235433979891e-05,0,0
0.057994671165943146,0,0
0.0004933775635436177,0,0
9.183462680084631e-05,0,0
0.49897274374961853,0,0
0.0008535392698831856,0,0
0.0669127032160759,0,0
0.030925694853067398,0,0
0.22338047623634338,0,0
0.02169109880924225,0,0
0.0003415699175093323,0,0
0.44529107213020325,0,0
0.0008747223182581365,0,0
0.006938954349607229,0,0
5.3257346735335886e-05,0,0
0.0006176953320391476,0,0
0.002633009571582079,0,0
1.803198210836854e-05,0,0
4.367089786683209e-05,0,0
5.556825271924026e-05,0,0
3.11787698592525e-05,0,0
0.5246782898902893,1,0
0.0012218492338433862,0,0
0.00987120158970356,0,0
0.003782888874411583,0,0
0.6675395369529724,1,0
0.04842625558376312,0,0
1.7435004338040017e-05,0,0
0.0003617781330831349,0,0
2.8943377401446924e-06,0,0
4.211431587464176e-06,0,0
0.0018579068128019571,0,0
0.0002191564126405865,0,0
0.0034795566461980343,0,0
0.01443373505026102,0,0
0.0394299291074276,0,0
0.002388991881161928,0,0
0.00041416543535888195,0,0
4.775231718667783e-05,0,0
0.2700081467628479,0,0
0.3296874463558197,0,0
0.00943036749958992,0,0
0.03974694758653641,0,0
1.0055809980258346e-05,0,0
0.00021753364126197994,0,0
0.06140417605638504,0,0
0.0005622059688903391,0,0
0.0003170792479068041,0,0
0.0004893115838058293,0,0
0.0029082668479532003,0,0
0.005595022346824408,0,0
0.0036297303158789873,0,0
0.001021592179313302,0,0
0.38528335094451904,0,0
0.13033419847488403,0,0
0.03244457766413689,0,0
9.513019176665694e-05,0,0
0.007270531263202429,0,0
9.101543696488079e-07,0,0
0.19591230154037476,0,0
0.0005245541105978191,0,0
0.0011699643218889832,0,0
0.0028457283042371273,0,0
0.0791458860039711,0,0
7.122286478988826e-05,0,0
0.0004482976801227778,0,0
8.377446647500619e-05,0,0
7.337178431043867e-06,0,0
4.1001570934895426e-05,0,0
4.856073428527452e-05,0,0
3.070273578487104e-06,0,0
0.0034150208812206984,0,0
0.3733711242675781,0,0
0.000594223034568131,0,0
2.020363353949506e-06,0,0
0.0004832413396798074,0,0
6.863730050099548e-06,0,0
0.00029167550383135676,0,0
0.0005037615192122757,0,0
0.006972076371312141,0,0
0.28411567211151123,0,0
0.001779073034413159,0,0
0.0005132638034410775,0,0
0.0177307166159153,0,0
0.7043063044548035,1,0
0.008576933294534683,0,0
0.00026109471218660474,0,0
0.01097240298986435,0,0
0.000253770180279389,0,0
2.9699354854528792e-05,0,0
0.00025136981275863945,0,0
0.0009974307613447309,0,0
0.00047003294457681477,0,0
0.0027397572994232178,0,0
0.03700680658221245,0,0
0.0004782110918313265,0,0
0.04944128170609474,0,0
9.158460306935012e-05,0,0
0.0008083505090326071,0,0
2.3185493773780763e-06,0,0
0.0007941875956021249,0,0
3.3470255402789917e-06,0,0
0.0002074023796012625,0,0
6.496674177469686e-05,0,0
0.00044453286682255566,0,0
0.000517805980052799,0,0
0.0027522523887455463,0,0
0.001755227567628026,0,0
0.0029813700821250677,0,0
0.002820405876263976,0,0
0.0023710690438747406,0,0
2.037335661952966e-06,0,0
0.00011925601575057954,0,0
0.0018983986228704453,0,0
0.001716703874990344,0,0
2.52761140018265e-07,0,0
1.2254833563929424e-05,0,0
3.460100924712606e-05,0,0
0.0008114950032904744,0,0
0.012648247182369232,0,0
7.969990838319063e-05,0,0
0.0019088018452748656,0,0
0.4039248824119568,0,0
0.008307323791086674,0,0
0.8591106534004211,1,0
4.507472112891264e-05,0,0
3.573539402168535e-07,0,0
9.462056186748669e-05,0,0
7.099033894064632e-08,0,0
0.0011598963756114244,0,0
0.275663822889328,0,0
0.016201093792915344,0,0
0.0020966369193047285,0,0
0.0018145008943974972,0,0
0.0006330023752525449,0,0
0.0017283461056649685,0,0
0.00017876185302156955,0,0
0.0018078655702993274,0,0
0.025321153923869133,0,0
1.4989585906732827e-05,0,0
0.5590324997901917,1,0
9.440191934118047e-05,0,0
0.057704225182533264,0,0
0.06579536944627762,0,0
3.614713568822481e-05,0,0
0.00020247511565685272,0,0
6.272375230764737e-06,0,0
0.015745162963867188,0,0
0.00016749966016504914,0,0
0.2654574513435364,0,0
0.0015805206494405866,0,0
0.036938589066267014,0,0
0.012772420421242714,0,0
0.9356520175933838,1,0
0.014877954497933388,0,0
0.0001702882000245154,0,0
0.0002075501688523218,0,0
0.0598231703042984,0,0
0.0008375921752303839,0,0
0.0023403873201459646,0,0
0.0025421602185815573,0,0
0.0023142683785408735,0,0
1.1720544534910005e-05,0,0
0.0007583603146485984,0,0
0.001352339400909841,0,0
0.6064208149909973,1,0
4.243950024829246e-05,0,0
0.43915441632270813,0,0
0.0037532791029661894,0,0
0.0009082152973860502,0,0
0.5829071998596191,1,0
0.41213276982307434,0,0
0.000566688016988337,0,0
6.6580146267369855e-06,0,0
9.824827429838479e-06,0,0
0.020534656941890717,0,0
8.789488492766395e-05,0,0
0.0008283178904093802,0,0
7.281398575287312e-05,0,0
0.027346624061465263,0,0
0.003776796394959092,0,0
0.006701240316033363,0,0
1.878548391687218e-05,0,0
0.003570978995412588,0,0
0.8885539770126343,1,0
0.00047483231173828244,0,0
0.08647780120372772,0,0
0.20853854715824127,0,0
0.1727878302335739,0,0
0.31660377979278564,0,0
0.0018544550985097885,0,0
0.013029340654611588,0,0
0.05947689712047577,0,0
0.35648179054260254,0,0
9.285876876674592e-05,0,0
0.026982389390468597,0,0
0.0007907832623459399,0,0
0.00041317546856589615,0,0
4.3658987124217674e-05,0,0
1.3266272844703053e-06,0,0
1.0223412573395763e-05,0,0
0.10074999928474426,0,0
0.39247453212738037,0,0
2.5395065677003004e-06,0,0
0.0004443642683327198,0,0
0.002880565822124481,0,0
0.10021333396434784,0,0
4.692811216955306e-06,0,0
8.422671089647338e-05,0,0
0.00642662588506937,0,0
0.011559080332517624,0,0
0.5096905827522278,1,0
0.00034738006070256233,0,0
0.00010438419849378988,0,0
0.0005584192695096135,0,0
0.006411787122488022,0,0
0.15809252858161926,0,0
3.451055090408772e-05,0,0
0.12354797124862671,0,0
0.1476052701473236,0,0
0.0958314761519432,0,0
0.001086341799236834,0,0
2.131850487785414e-05,0,0
0.03684729337692261,0,0
0.000765316013712436,0,0
0.00013755688269156963,0,0
0.005628425627946854,0,0
0.0005331246647983789,0,0
6.572823622263968e-05,0,0
0.0005591164226643741,0,0
0.32788369059562683,0,0
4.668318979383912e-06,0,0
0.02613971009850502,0,0
4.275320861779619e-06,0,0
0.008205179125070572,0,0
0.0008121696300804615,0,0
0.034660860896110535,0,0
0.04012305662035942,0,0
0.0001426633243681863,0,0
2.0359651387025224e-07,0,0
0.0012867649784311652,0,0
0.0007489527342841029,0,0
0.00018945529882330447,0,0
0.015857776626944542,0,0
0.006339549086987972,0,0
8.769372470851522e-06,0,0
0.014300103299319744,0,0
1.8933795217890292e-05,0,0
0.0001978904037969187,0,0
0.023367417976260185,0,0
0.0021691187284886837,0,0
0.6765542030334473,1,0
0.10348185896873474,0,0
3.170398485963233e-05,0,0
9.925386257236823e-05,0,0
0.0012424062006175518,0,0
1.546190287626814e-05,0,0
9.160967806565168e-07,0,0
0.011500025168061256,0,0
0.002291781594976783,0,0
0.14173509180545807,0,0
3.2966636354103684e-05,0,0
0.0055272565223276615,0,0
0.0002289511467097327,0,0
2.531802238081582e-06,0,0
0.000602471234742552,0,0
0.001711457152850926,0,0
1.4125620509730652e-05,0,0
0.02308030053973198,0,0
0.0006932915421202779,0,0
2.4823712010402232e-05,0,0
0.05366893485188484,0,0
0.08579517900943756,0,0
0.0001148643423221074,0,0
0.5777499675750732,1,0
0.002508413279429078,0,0
0.0022506711538881063,0,0
4.781652023666538e-05,0,0
0.0002471425978001207,0,0
0.00015751959290355444,0,0
9.474660328123719e-05,0,0
0.0002485289587639272,0,0
0.7687463164329529,1,0
0.001136080245487392,0,0
0.0015724173281341791,0,0
0.003265645122155547,0,0
0.00383840873837471,0,0
0.026603402569890022,0,0
0.004281323403120041,0,0
0.0028792473021894693,0,0
0.036126717925071716,0,0
0.0004373901174403727,0,0
1.2237502232892439e-05,0,0
0.004061124753206968,0,0
1.2692295968008693e-05,0,0
9.852450602920726e-06,0,0
0.00045522977598011494,0,0
0.002393204951658845,0,0
0.28142791986465454,0,0
8.1781399785541e-05,0,0
4.6374516387004405e-05,0,0
0.018601475283503532,0,0
0.003984163515269756,0,0
0.0010188032174482942,0,0
0.18873068690299988,0,0
0.02854459173977375,0,0
0.11675567924976349,0,0
0.08797010034322739,0,0
0.23685376346111298,0,0
0.0017472077161073685,0,0
0.0573621466755867,0,0
2.1439318516058847e-06,0,0
4.7847264795564115e-05,0,0
0.10597290098667145,0,0
2.1069527065264992e-06,0,0
0.040256813168525696,0,0
0.0014272306580096483,0,0
0.00017786210810299963,0,0
0.0022003224585205317,0,0
0.0003108730015810579,0,0
0.0001156247963081114,0,0
0.00203494681045413,0,0
9.209354175254703e-06,0,0
0.007549013011157513,0,0
0.002646183129400015,0,0
8.973955846158788e-05,0,0
0.003805291373282671,0,0
0.0026606228202581406,0,0
1.218208694808709e-06,0,0
3.062930886699178e-07,0,0
0.030278338119387627,0,0
0.02703595533967018,0,0
1.2572571904456709e-05,0,0
0.0008640873711556196,0,0
2.6692973733588587e-06,0,0
0.0013841260224580765,0,0
0.00045917017268948257,0,0
0.052611857652664185,0,0
3.0472108846879564e-05,0,0
0.3463376760482788,0,0
7.735386589047266e-07,0,0
4.053395059600007e-06,0,0
0.0021510126534849405,0,0
5.785300345451105e-06,0,0
1.6143458196893334e-05,0,0
0.5654393434524536,1,0
0.0077853091061115265,0,0
0.0862145870923996,0,0
0.00014007788558956236,0,0
0.0009385535959154367,0,0
0.0266028493642807,0,0
0.0007447897805832326,0,0
0.024331310763955116,0,0
0.00047416292363777757,0,0
0.0034051828552037477,0,0
0.00011984025331912562,0,0
2.1649880181939807e-06,0,0
0.003418847918510437,0,0
0.007901977747678757,0,0
0.001676087616942823,0,0
0.29417964816093445,0,0
4.952886229148135e-06,0,0
0.005758411716669798,0,0
0.11530022323131561,0,0
0.9855353832244873,1,0
0.0001901852519949898,0,0
0.09493773430585861,0,0
4.394067218527198e-06,0,0
0.0042361547239124775,0,0
0.006147760432213545,0,0
0.00033899315167218447,0,0
8.606078336015344e-05,0,0
0.01641325280070305,0,0
0.03488454967737198,0,0
0.0022473842836916447,0,0
2.3318378225667402e-05,0,0
0.003012631321325898,0,0
1.0285742035875955e-07,0,0
0.023190058767795563,0,0
0.05316392332315445,0,0
0.23746731877326965,0,0
0.45140495896339417,0,0
0.7762186527252197,1,0
0.006012377794831991,0,0
0.00017426894919481128,0,0
5.188464911043411e-06,0,0
0.0009390630293637514,0,0
0.0002169635845348239,0,0
0.0690496414899826,0,0
0.11878436803817749,0,0
0.00027630117256194353,0,0
0.00029951840406283736,0,0
0.03560571372509003,0,0
3.9935684981173836e-06,0,0
0.007190515752881765,0,0
0.0016869353130459785,0,0
0.02675739675760269,0,0
9.424329618923366e-06,0,0
3.976083462475799e-05,0,0
0.04147260636091232,0,0
8.441380572321577e-08,0,0
0.007362486328929663,0,0
0.1284145563840866,0,0
0.0001942770613823086,0,0
7.320104032260133e-06,0,0
0.012165228836238384,0,0
4.840953988605179e-05,0,0
0.00032278805156238377,0,0
1.4681576431030408e-05,0,0
0.00017307201051153243,0,0
5.1731374696828425e-05,0,0
0.08807267993688583,0,0
0.003103676252067089,0,0
0.00034807491465471685,0,0
0.0024776137433946133,0,0
7.617988012498245e-05,0,0
4.2287027213205874e-07,0,0
0.43720710277557373,0,0
6.7952651079394855e-06,0,0
0.0011352114379405975,0,0
7.23361736163497e-05,0,0
0.1877797245979309,0,0
0.9205229878425598,1,0
5.611305823549628e-05,0,0
0.0010877635795623064,0,0
0.012349830940365791,0,0
1.4128449947747868e-05,0,0
0.5879310369491577,1,0
0.00044562455150298774,0,0
7.397331501124427e-05,0,0
0.33568015694618225,0,0
0.0009817371610552073,0,0
0.008632899262011051,0,0
3.121238842140883e-05,0,0
0.0024549749214202166,0,0
1.4350072774504952e-07,0,0
0.00302655971609056,0,0
0.0011852742172777653,0,0
0.00023009697906672955,0,0
1.6703013898222707e-05,0,0
4.184807767160237e-05,0,0
0.0012942350003868341,0,0
2.7020530978916213e-05,0,0
0.006250618025660515,0,0
0.003994800616055727,0,0
1.0123086440216866e-06,0,0
0.0016054834704846144,0,0
0.00027165893698111176,0,0
0.04227881878614426,0,0
0.08261134475469589,0,0
9.26444670312776e-07,0,0
0.055734965950250626,0,0
1.955917014129227e-06,0,0
0.4281667470932007,0,0
1.607662852620706e-05,0,0
2.731066160777118e-06,0,0
0.7603245973587036,1,0
5.337519269232871e-06,0,0
0.0006027044146321714,0,0
0.20772762596607208,0,0
1.4211746929504443e-05,0,0
2.3440916265826672e-05,0,0
0.002758655697107315,0,0
0.015518858097493649,0,0
0.009192321449518204,0,0
0.011455689556896687,0,0
0.1851128339767456,0,0
0.6420481204986572,1,0
0.6076917052268982,1,0
0.0010880915215238929,0,0
3.3094020182034e-05,0,0
0.0014273272827267647,0,0
0.005125144030898809,0,0
0.7186478972434998,1,0
0.3335195481777191,0,0
0.08061624318361282,0,0
0.000236361738643609,0,0
3.587850369513035e-05,0,0
0.0047390041872859,0,0
0.034259673207998276,0,0
0.024777960032224655,0,0
0.00031863077310845256,0,0
0.003946197684854269,0,0
0.004516660701483488,0,0
0.02603519707918167,0,0
0.0005085844313725829,0,0
0.003600199008360505,0,0
0.015893014147877693,0,0
1.3595176824310329e-05,0,0
0.00021660146012436599,0,0
0.0013569450238719583,0,0
0.00021388223103713244,0,0
0.002004099078476429,0,0
0.004551490303128958,0,0
0.022134345024824142,0,0
0.002406385261565447,0,0
0.0060605802573263645,0,0
0.0006447060732170939,0,0
8.027372678043321e-05,0,0
0.0641249567270279,0,0
0.0002072250790661201,0,0
0.00045714271254837513,0,0
7.1687245508655906e-06,0,0
0.02230524830520153,0,0
0.01949005387723446,0,0
0.0009666317491792142,0,0
0.0359024740755558,0,0
0.007142961490899324,0,0
0.05796313285827637,0,0
0.0012961648171767592,0,0
0.07465804368257523,0,0
1.4254447933126357e-06,0,0
0.00016634637722745538,0,0
0.0030757016502320766,0,0
0.00016066250100266188,0,0
0.059005431830883026,0,0
3.4392503494018456e-06,0,0
0.08966896682977676,0,0
0.009191491641104221,0,0
0.008378475904464722,0,0
6.913468678249046e-05,0,0
0.00042542381561361253,0,0
0.026101695373654366,0,0
2.7872834834852256e-05,0,0
0.018794426694512367,0,0
4.089216417924035e-06,0,0
0.026086676865816116,0,0
0.0004090524453204125,0,0
0.0009313373011536896,0,0
0.04436760023236275,0,0
0.0018701462540775537,0,0
2.6136051019420847e-05,0,0
5.647746365866624e-05,0,0
0.00012970117677468807,0,0
0.0005644686170853674,0,0
0.06939028203487396,0,0
0.0023364294320344925,0,0
0.0007058483897708356,0,0
1.637919012864586e-05,0,0
0.0049336617812514305,0,0
3.995469342044089e-06,0,0
0.004149239510297775,0,0
0.013682276010513306,0,0
3.048603957722662e-06,0,0
0.0003173184231854975,0,0
2.6150335543206893e-05,0,0
0.01757538504898548,0,0
0.0017831618897616863,0,0
6.460307758970885e-06,0,0
6.353987913598758e-08,0,0
0.07289228588342667,0,0
0.26408419013023376,0,0
0.0002544102317187935,0,0
0.0001980162924155593,0,0
0.006194082088768482,0,0
0.0013119739014655352,0,0
0.023262636736035347,0,0
0.0011326671810820699,0,0
4.1765109926927835e-05,0,0
0.005928797647356987,0,0
0.2514134347438812,0,0
0.016585391014814377,0,0
0.008360260166227818,0,0
0.00016962524387054145,0,0
0.001180009450763464,0,0
4.620350955519825e-05,0,0
0.025805611163377762,0,0
0.15997257828712463,0,0
0.00583671173080802,0,0
0.0006171809509396553,0,0
0.11169170588254929,0,0
0.00039512160583399236,0,0
0.005674552172422409,0,0
0.19487082958221436,0,0
1.5330579117289744e-06,0,0
0.0003761414554901421,0,0
1.0455974006617907e-05,0,0
0.003716847626492381,0,0
4.819575678993715e-06,0,0
8.053883107095317e-07,0,0
0.006764776539057493,0,0
0.4480951428413391,0,0
3.8425492675742134e-05,0,0
0.0005926500889472663,0,0
0.0024076516274362803,0,0
0.0015832455828785896,0,0
0.004811902996152639,0,0
0.011547165922820568,0,0
2.017882070504129e-05,0,0
0.06383839249610901,0,0
3.6863104469375685e-05,0,0
0.00020203889289405197,0,0
0.27372461557388306,0,0
0.007162175141274929,0,0
0.0009082771721296012,0,0
7.473389996448532e-05,0,0
8.724404324311763e-05,0,0
0.2663152515888214,0,0
0.6722935438156128,1,0
0.00020844917162321508,0,0
5.713021892006509e-06,0,0
7.723274757154286e-05,0,0
0.00013167245197109878,0,0
0.039320558309555054,0,0
0.00029438373167067766,0,0
6.886432674946263e-05,0,0
0.0010798922739923,0,0
0.014057552441954613,0,0
1.3270448562252568e-06,0,0
6.580029003089294e-05,0,0
0.00010377225407864898,0,0
1.8278456991538405e-05,0,0
7.390901737380773e-05,0,0
0.0007049784762784839,0,0
6.036661034158897e-06,0,0
2.6412140869069844e-05,0,0
0.0074453591369092464,0,0
9.094711276702583e-05,0,0
0.07349569350481033,0,0
0.00013506926188711077,0,0
0.0041856588795781136,0,0
4.765616267832229e-06,0,0
0.053366582840681076,0,0
0.008308742195367813,0,0
0.0012451361399143934,0,0
0.0004339434381108731,0,0
0.00296531873755157,0,0
0.003847493790090084,0,0
3.8465459510916844e-05,0,0
0.05609404668211937,0,0
0.0013108854182064533,0,0
0.005051121115684509,0,0
0.002410103799775243,0,0
0.000711468979716301,0,0
7.320100849028677e-05,0,0
0.47788697481155396,0,0
0.0010171980829909444,0,0
0.006358531303703785,0,0
1.3810543350700755e-05,0,0
0.0023958394303917885,0,0
5.2541627155733295e-06,0,0
0.00020057684741914272,0,0
1.3544812418331276e-06,0,0
2.10057669391972e-06,0,0
0.004372460767626762,0,0
2.2478498067357577e-06,0,0
0.00012116383004467934,0,0
0.010238130576908588,0,0
0.009282039478421211,0,0
0.014187243767082691,0,0
0.04820050299167633,0,0
0.006227516103535891,0,0
0.0012107943184673786,0,0
0.00047599905519746244,0,0
9.956031863112003e-05,0,0
1.6087516996776685e-05,0,0
0.000274800811894238,0,0
0.011992668733000755,0,0
5.2037275963812135e-06,0,0
0.02503104694187641,0,0
0.00032500425004400313,0,0
0.007626156322658062,0,0
0.012557407841086388,0,0
9.940676136466209e-06,0,0
0.001357754343189299,0,0
0.0013241569977253675,0,0
0.21579687297344208,0,0
3.619097697082907e-05,0,0
9.315058377978858e-06,0,0
0.6519553661346436,1,0
0.05307440087199211,0,0
0.014909563586115837,0,0
0.01537008211016655,0,0
0.0036831707693636417,0,0
0.045158058404922485,0,0
8.261540642706677e-05,0,0
0.0011807261034846306,0,0
0.030683882534503937,0,0
0.08690650016069412,0,0
0.005109267309308052,0,0
9.883310121949762e-05,0,0
1.7318128811893985e-05,0,0
0.0004719478019978851,0,0
5.8996967709390447e-05,0,0
6.826194749010028e-06,0,0
1.597302980371751e-05,0,0
2.3508524463977665e-05,0,0
0.00012555163993965834,0,0
0.0034268214367330074,0,0
0.000433033739682287,0,0
0.15177282691001892,0,0
3.16840669256635e-05,0,0
8.153137605404481e-05,0,0
0.041440993547439575,0,0
5.1111954235238954e-05,0,0
0.0001747993374010548,0,0
0.0008202337194234133,0,0
9.259658691007644e-05,0,0
0.011200547218322754,0,0
0.0004765006306115538,0,0
0.0005724789807572961,0,0
0.0009303949191235006,0,0
0.00020523749117273837,0,0
0.03764282166957855,0,0
0.0028419906739145517,0,0
0.003656160319224,0,0
0.005339423194527626,0,0
0.00011710958642652258,0,0
0.03188794478774071,0,0
0.0005081042181700468,0,0
0.2884010374546051,0,0
0.0006604024674743414,0,0
0.0015131046529859304,0,0
0.006032827775925398,0,0
2.759934858431734e-08,0,0
0.0045538973063230515,0,0
0.042097993195056915,0,0
8.81925952853635e-05,0,0
0.004442822653800249,0,0
0.09065113216638565,0,0
0.00048389335279352963,0,0
0.0015941346064209938,0,0
9.63549391599372e-05,0,0
4.3079729948658496e-05,0,0
0.005586379673331976,0,0
0.0005955413216724992,0,0
0.19431456923484802,0,0
0.06479845196008682,0,0
0.00897314865142107,0,0
4.064427412231453e-05,0,0
6.486813072115183e-05,0,0
0.0003622597432695329,0,0
2.3653750758967362e-05,0,0
0.007803972810506821,0,0
0.00024698974448256195,0,0
6.935715646250173e-05,0,0
0.10772107541561127,0,0
0.11121372878551483,0,0
4.2865976865869015e-05,0,0
0.004760358948260546,0,0
0.00038291726377792656,0,0
0.4066728949546814,0,0
0.0014910927275195718,0,0
0.00145791529212147,0,0
0.014552890323102474,0,0
0.15525324642658234,0,0
0.0015941589372232556,0,0
0.040067050606012344,0,0
0.0002778857306111604,0,0
0.00013396832218859345,0,0
0.000255254766670987,0,0
0.00011010657908627763,0,0
0.027600770816206932,0,0
0.016848942264914513,0,0
1.2561622497742064e-06,0,0
0.0029318237211555243,0,0
0.00010903977818088606,0,0
3.6009669202030636e-06,0,0
0.0008223428158089519,0,0
0.01819968782365322,0,0
0.00014590821228921413,0,0
0.4295557141304016,0,0
0.010063402354717255,0,0
0.00020403928647283465,0,0
0.0005227380315773189,0,0
0.00024699396453797817,0,0
0.04234975576400757,0,0
0.01746683195233345,0,0
0.005349813494831324,0,0
2.9837519832653925e-07,0,0
0.0002500491391401738,0,0
0.017275387421250343,0,0
0.00012690451694652438,0,0
0.0001841134362621233,0,0
0.9300705790519714,1,0
0.47272536158561707,0,0
3.4324089938309044e-05,0,0
0.0037445949856191874,0,0
1.313866778218653e-05,0,0
0.0036654178984463215,0,0
0.15962819755077362,0,0
0.023388659581542015,0,0
0.0012478544376790524,0,0
9.050656331055507e-07,0,0
0.0097035588696599,0,0
0.01502629742026329,0,0
0.005351722240447998,0,0
0.15620185434818268,0,0
0.0012819189578294754,0,0
0.00014518458920065314,0,0
1.4273165334088844e-06,0,0
0.0003369426995050162,0,0
4.006503786513349e-06,0,0
0.00039974585524760187,0,0
2.2242724639909284e-07,0,0
0.00044132760376669466,0,0
0.00024359281815122813,0,0
0.37928763031959534,0,0
1.5541747870884137e-06,0,0
0.0006762922857888043,0,0
0.0007144476403482258,0,0
0.0008192542591132224,0,0
0.021088920533657074,0,0
0.0008312002173624933,0,0
1.3781204870610964e-05,0,0
9.47428125073202e-05,0,0
0.0007339630392380059,0,0
0.24524474143981934,0,0
5.9690195485018194e-05,0,0
5.382429662859067e-06,0,0
0.02096850425004959,0,0
0.029943514615297318,0,0
3.0883558792993426e-05,0,0
0.01827237755060196,0,0
2.42844398599118e-05,0,0
5.293250978866126e-06,0,0
6.626189019698359e-07,0,0
0.17819608747959137,0,0
0.00021412647038232535,0,0
0.0001115545310312882,0,0
1.4470237147179432e-05,0,0
0.0033410899341106415,0,0
0.000584091292694211,0,0
0.00025827420176938176,0,0
3.657554543678998e-07,0,0
0.15864622592926025,0,0
0.01862112618982792,0,0
0.12104912847280502,0,0
0.0003459877916611731,0,0
4.838384029426379e-06,0,0
0.15542499721050262,0,0
7.991681195562705e-05,0,0
0.0001597576920175925,0,0
0.07131421566009521,0,0
1.0767652014465057e-07,0,0
0.0020697007421404123,0,0
7.649121835129336e-05,0,0
0.47966477274894714,0,0
0.013069462031126022,0,0
0.5288468599319458,1,0
0.0012464325409382582,0,0
0.7367420196533203,1,0
4.960802834830247e-05,0,0
0.013287834823131561,0,0
0.0001968699652934447,0,0
0.02817297913134098,0,0
0.014506639912724495,0,0
0.0002934307267423719,0,0
2.0827375919907354e-05,0,0
0.004957733675837517,0,0
0.00012095063721062616,0,0
0.00035487773129716516,0,0
0.0002647447108756751,0,0
0.2754048705101013,0,0
3.396617103135213e-05,0,0
7.658914910280146e-06,0,0
0.0007981460075825453,0,0
8.341789907717612e-06,0,0
2.749925215539406e-06,0,0
0.08445432782173157,0,0
0.009506276808679104,0,0
0.8313857913017273,1,0
3.095815918641165e-05,0,0
0.00023197554401122034,0,0
0.39748290181159973,0,0
0.0009253275929950178,0,0
0.02788732200860977,0,0
5.5857646657386795e-05,0,0
0.02504110336303711,0,0
0.0009652264998294413,0,0
0.0034074957948178053,0,0
0.03551756590604782,0,0
0.6713796854019165,1,0
0.43924301862716675,0,0
0.0011754031293094158,0,0
1.8500035139368265e-06,0,0
0.052492767572402954,0,0
1.775295277184341e-05,0,0
0.010961215011775494,0,0
0.08804263174533844,0,0
0.01779491826891899,0,0
2.7098619739263086e-06,0,0
0.0007094445172697306,0,0
6.4768460106279235e-06,0,0
2.30298210226465e-05,0,0
0.024575280025601387,0,0
2.1280777673382545e-06,0,0
1.809994864743203e-05,0,0
0.05412027984857559,0,0
0.8061202168464661,1,0
0.015296267345547676,0,0
0.08349945396184921,0,0
0.0018560534808784723,0,0
0.003329349448904395,0,0
0.020189456641674042,0,0
4.088970854354557e-06,0,0
7.639032992301509e-05,0,0
0.020097479224205017,0,0
0.0106445187702775,0,0
0.05805789679288864,0,0
1.1117747362732189e-06,0,0
0.000188267687917687,0,0
0.00011368824198143557,0,0
0.0026428275741636753,0,0
0.008591433055698872,0,0
0.02784799039363861,0,0
0.013802950270473957,0,0
0.0013582464307546616,0,0
0.0002843701222445816,0,0
6.652256706729531e-05,0,0
8.993702795123681e-05,0,0
0.0725385770201683,0,0
0.0435354970395565,0,0
5.662570856657112e-06,0,0
0.003406828735023737,0,0
8.717216587683652e-06,0,0
4.342398824519478e-06,0,0
0.014779234305024147,0,0
1.8090760249833693e-06,0,0
0.025055764243006706,0,0
0.0004750210791826248,0,0
0.04710625857114792,0,0
0.12788335978984833,0,0
0.051893867552280426,0,0
0.12654966115951538,0,0
0.00021283009846229106,0,0
0.007042893208563328,0,0
0.00013680146366823465,0,0
0.0008635745034553111,0,0
0.03838660567998886,0,0
1.0165778803639114e-05,0,0
0.00010899476910708472,0,0
0.010300081223249435,0,0
0.0003593859728425741,0,0
0.006505921483039856,0,0
0.014379422180354595,0,0
0.04194522276520729,0,0
1.7138141629402526e-05,0,0
0.04249418526887894,0,0
0.009680277667939663,0,0
0.003920089453458786,0,0
0.014599169604480267,0,0
0.035511430352926254,0,0
0.1376049518585205,0,0
0.001615118351764977,0,0
0.21383865177631378,0,0
0.0003176123136654496,0,0
0.029673345386981964,0,0
9.79261239990592e-05,0,0
0.004384040832519531,0,0
0.010209343396127224,0,0
0.051625803112983704,0,0
0.002237871056422591,0,0
1.5846961105125956e-05,0,0
0.0052729034796357155,0,0
2.2618793082074262e-05,0,0
3.6989069485571235e-05,0,0
9.611863788450137e-05,0,0
1.0226122867607046e-05,0,0
6.413218943635002e-05,0,0
3.383078728802502e-05,0,0
0.009877118282020092,0,0
0.04729004204273224,0,0
6.465191836468875e-05,0,0
0.5035856366157532,1,0
0.023155881091952324,0,0
0.0037354910746216774,0,0
4.88882178615313e-05,0,0
2.3235910703078844e-05,0,0
0.10987695306539536,0,0
0.0008655614801682532,0,0
0.03839752450585365,0,0
0.0002395162300672382,0,0
0.00016838473675306886,0,0
1.7493930499767885e-05,0,0
3.5894943266612245e-06,0,0
0.0017083975253626704,0,0
0.0008413890027441084,0,0
0.003916983027011156,0,0
0.01065018493682146,0,0
0.0009335650829598308,0,0
0.0003330142062623054,0,0
0.000357576907845214,0,0
0.0015550813404843211,0,0
0.008796329610049725,0,0
0.002003259724006057,0,0
0.0007094786851666868,0,0
0.10137291252613068,0,0
0.013306397013366222,0,0
9.806611342355609e-05,0,0
0.0017062545521184802,0,0
0.10133778303861618,0,0
0.009677005000412464,0,0
0.002139786724001169,0,0
0.0003122527268715203,0,0
0.003847493790090084,0,0
0.021383950486779213,0,0
0.007909232750535011,0,0
0.00020117383974138647,0,0
1.0340320841351058e-05,0,0
0.03495871275663376,0,0
0.0019501131027936935,0,0
0.0004485549870878458,0,0
0.004209107253700495,0,0
0.44168373942375183,0,0
0.0007638940587639809,0,0
0.006886715069413185,0,0
8.916923252400011e-05,0,0
0.05235860124230385,0,0
0.09801343083381653,0,0
0.011130627244710922,0,0
0.0001781447062967345,0,0
0.0006204524543136358,0,0
0.005539778154343367,0,0
0.10389687865972519,0,0
0.0053527215495705605,0,0
5.480309027916519e-06,0,0
8.312843419844285e-06,0,0
0.0490223728120327,0,0
6.882873276481405e-05,0,0
0.0007484853267669678,0,0
1.7074078641599044e-05,0,0
0.238967165350914,0,0
1.569852975080721e-05,0,0
0.01132538728415966,0,0
0.00012954568956047297,0,0
0.009008041583001614,0,0
3.971316618844867e-05,0,0
0.0011954705696552992,0,0
4.199964678264223e-06,0,0
0.00016355747357010841,0,0
0.0006283269030973315,0,0
2.9949043891974725e-05,0,0
0.16921445727348328,0,0
0.0029968665912747383,0,0
0.0031763252336531878,0,0
6.676320026599569e-06,0,0
1.3653097084898036e-05,0,0
4.008100586361252e-05,0,0
0.00033646071096882224,0,0
5.610042717307806e-05,0,0
0.06899996846914291,0,0
2.8811627998948097e-06,0,0
0.008526764810085297,0,0
0.0004522149683907628,0,0
7.176147960308299e-07,0,0
0.041420090943574905,0,0
0.0002870633907150477,0,0
7.558319339295849e-05,0,0
0.00015452773368451744,0,0
2.2123481357994024e-06,0,0
0.06657683104276657,0,0
6.612669494643342e-06,0,0
0.5030920505523682,1,0
0.2789944112300873,0,0
6.5786211962404195e-06,0,0
0.10370326787233353,0,0
0.038476184010505676,0,0
5.416332442109706e-06,0,0
0.0027141293976455927,0,0
8.369690931431251e-07,0,0
0.35036540031433105,0,0
1.1528782550840333e-07,0,0
4.4817759771831334e-05,0,0
1.809894820326008e-05,0,0
0.38228943943977356,0,0
0.004561216104775667,0,0
1.7562952052685432e-05,0,0
0.021757379174232483,0,0
0.0005799891659989953,0,0
0.0009672595770098269,0,0
0.0019670845940709114,0,0
0.00104711321182549,0,0
0.18372642993927002,0,0
0.002507290802896023,0,0
0.0013376029673963785,0,0
1.6915420246732538e-06,0,0
0.005461027380079031,0,0
0.000536520266905427,0,0
0.0002994076057802886,0,0
0.0010419879108667374,0,0
0.0005137466359883547,0,0
0.03296089917421341,0,0
0.014558588154613972,0,0
8.329722186317667e-05,0,0
0.01017474289983511,0,0
0.0053953733295202255,0,0
0.8228538036346436,1,0
2.9742734568571905e-06,0,0
2.159572977689095e-05,0,0
0.006156290881335735,0,0
0.002495753113180399,0,0
5.406021955423057e-06,0,0
0.00324196252040565,0,0
0.00016652060730848461,0,0
0.008502989076077938,0,0
0.012047108262777328,0,0
0.2530915439128876,0,0
0.000500110094435513,0,0
0.007828786037862301,0,0
0.00925509724766016,0,0
0.8296030759811401,1,0
9.901695739245042e-05,0,0
8.942339491113671e-07,0,0
0.005001721903681755,0,0
1.1480289686005563e-05,0,0
1.0139104233530816e-05,0,0
0.30879953503608704,0,0
0.0013266942696645856,0,0
0.0004797895671799779,0,0
4.750365292238712e-07,0,0
2.6271514798281714e-05,0,0
0.3349047303199768,0,0
0.01088892575353384,0,0
0.5845763087272644,1,0
0.05778120458126068,0,0
7.997322245500982e-05,0,0
8.47409464768134e-05,0,0
8.707034430699423e-05,0,0
0.00019344137399457395,0,0
0.06221608817577362,0,0
0.002482771407812834,0,0
0.000844560272525996,0,0
0.7851871252059937,1,0
4.897813141724328e-07,0,0
7.112395451258635e-06,0,0
4.5301254431251436e-05,0,0
0.02324666827917099,0,0
0.0348496288061142,0,0
0.12710483372211456,0,0
0.0338473804295063,0,0
0.011389718391001225,0,0
7.04625272192061e-05,0,0
0.00038380405749194324,0,0
0.0009800026891753078,0,0
0.0016600505914539099,0,0
4.227076260576723e-06,0,0
3.2631390922688297e-07,0,0
0.00046817425754852593,0,0
0.07785214483737946,0,0
9.038358257384971e-05,0,0
0.020230405032634735,0,0
0.00023129353940021247,0,0
0.4338502883911133,0,0
0.0005049490137025714,0,0
0.0002885874710045755,0,0
0.0008812436717562377,0,0
8.248538506450132e-06,0,0
0.0014230059459805489,0,0
0.0025492883287370205,0,0
1.813841299735941e-05,0,0
0.00011277597513981164,0,0
0.3748761713504791,0,0
3.3580778108444065e-05,0,0
0.007787201553583145,0,0
0.019113091751933098,0,0
0.002111832145601511,0,0
0.0001148438750533387,0,0
9.447054617339745e-05,0,0
0.00039482643478550017,0,0
0.05651763081550598,0,0
0.0021156840957701206,0,0
0.15290744602680206,0,0
0.0007086070254445076,0,0
0.13691431283950806,0,0
0.0009355209185741842,0,0
0.0007547227432951331,0,0
3.5659347759064985e-06,0,0
0.17724765837192535,0,0
0.0370657816529274,0,0
0.17614731192588806,0,0
3.9262701534426014e-07,0,0
6.861543624836486e-06,0,0
0.1436339020729065,0,0
0.0037212136667221785,0,0
0.001712669967673719,0,0
0.08928445726633072,0,0
4.48058528945694e-07,0,0
0.04300682619214058,0,0
0.003569935681298375,0,0
0.0006827354663982987,0,0
0.00035181589191779494,0,0
0.026294559240341187,0,0
0.030957000330090523,0,0
0.00150829937774688,0,0
0.005783450789749622,0,0
2.266813226015074e-06,0,0
2.9408331101876684e-05,0,0
4.560323941404931e-05,0,0
0.005732833873480558,0,0
1.3669265172211453e-05,0,0
0.006697582546621561,0,0
1.4964439287723508e-06,0,0
0.0016535737086087465,0,0
7.431280209857505e-06,0,0
0.0010309696663171053,0,0
0.0008372307056561112,0,0
1.1651815839286428e-05,0,0
3.84906252293149e-06,0,0
0.0001420398912159726,0,0
0.015066590160131454,0,0
0.013756721280515194,0,0
0.14392293989658356,0,0
0.006741849239915609,0,0
5.078245158074424e-05,0,0
1.5888303096289746e-05,0,0
0.0009524979977868497,0,0
0.005158369895070791,0,0
0.00015107319632079452,0,0
0.3302158713340759,0,0
1.4427329006139189e-05,0,0
9.985579708882142e-06,0,0
1.5068084394442849e-05,0,0
0.0009915124392136931,0,0
0.015827776864171028,0,0
3.98154734284617e-05,0,0
9.445531759411097e-05,0,0
3.623606232849852e-07,0,0
5.7408724387641996e-05,0,0
6.55256144455052e-06,0,0
9.660671821620781e-06,0,0
0.0007456387975253165,0,0
0.00017248402582481503,0,0
8.71353768161498e-05,0,0
0.0001922451046993956,0,0
0.00014343892689794302,0,0
3.746288348338567e-05,0,0
0.0034050950780510902,0,0
0.0006160590564832091,0,0
0.02787666581571102,0,0
0.12423285841941833,0,0
0.01627267338335514,0,0
0.18845070898532867,0,0
4.363732841738965e-06,0,0
0.01374690979719162,0,0
0.02599930949509144,0,0
0.004945836029946804,0,0
4.888989860774018e-05,0,0
0.009928128682076931,0,0
5.055439487477997e-06,0,0
0.041304368525743484,0,0
0.007662654388695955,0,0
0.1686796247959137,0,0
0.008772140368819237,0,0
6.35034084552899e-05,0,0
1.731787904191151e-07,0,0
0.06747996807098389,0,0
0.00018131363322027028,0,0
0.01674809493124485,0,0
4.4836309825768694e-05,0,0
0.00046362506691366434,0,0
3.2096868380904198e-06,0,0
0.7885989546775818,1,0
0.00045132095692679286,0,0
0.00016072503058239818,0,0
0.003310294821858406,0,0
0.3263975977897644,0,0
0.0005561761208809912,0,0
0.0006365463486872613,0,0
0.00016809372755233198,0,0
0.00456599285826087,0,0
0.00016128431889228523,0,0
0.004087039269506931,0,0
0.0009050036896951497,0,0
3.5972291243524523e-06,0,0
0.10296130180358887,0,0
0.002720428863540292,0,0
3.983689566666726e-06,0,0
0.03007214516401291,0,0
0.00027898847474716604,0,0
6.47452034172602e-05,0,0
0.009398621506989002,0,0
0.46080273389816284,0,0
0.0008100770064629614,0,0
0.003775158664211631,0,0
0.00010371595999458805,0,0
0.02844480238854885,0,0
0.0002991248620674014,0,0
0.0005683794734068215,0,0
0.012683267705142498,0,0
0.009886682033538818,0,0
0.00434428546577692,0,0
0.0011093313805758953,0,0
0.001204487169161439,0,0
0.8726523518562317,1,0
9.84376220003469e-06,0,0
0.00029968892340548337,0,0
0.9186922907829285,1,0
0.0014143988955765963,0,0
0.010797541588544846,0,0
0.0003166671667713672,0,0
0.12920527160167694,0,0
0.001468044938519597,0,0
2.1636360543197952e-05,0,0
0.02231849543750286,0,0
0.0005136386607773602,0,0
6.81561286910437e-05,0,0
0.003099910682067275,0,0
0.00032897008350118995,0,0
0.0005969949997961521,0,0
0.00021391223708633333,0,0
0.25530388951301575,0,0
0.003604829078540206,0,0
0.00030417070956900716,0,0
0.04179048165678978,0,0
0.00035220716381445527,0,0
0.010691209696233273,0,0
0.01901060715317726,0,0
0.03359390050172806,0,0
0.0001510194706497714,0,0
0.00011984859156655148,0,0
2.1255595129332505e-05,0,0
1.8037193513009697e-05,0,0
0.006046229973435402,0,0
0.00803625863045454,0,0
7.151223690016195e-05,0,0
0.030570436269044876,0,0
0.02431591972708702,0,0
0.0011612361995503306,0,0
0.00012613987200893462,0,0
4.8096762839122675e-06,0,0
1.3462803508446086e-05,0,0
1.6231325616899994e-06,0,0
0.008181345649063587,0,0
0.02127123810350895,0,0
0.00033554137917235494,0,0
0.10643623024225235,0,0
0.0011141494615003467,0,0
0.0001062133233062923,0,0
0.25654375553131104,0,0
0.004248452372848988,0,0
0.0032227218616753817,0,0
2.8642102734011132e-06,0,0
1.7494765415904112e-05,0,0
0.0009816852398216724,0,0
0.059190403670072556,0,0
0.025920869782567024,0,0
4.853838618146256e-06,0,0
0.04633482173085213,0,0
0.5452948808670044,1,0
3.7795643947902136e-06,0,0
7.822507905075327e-05,0,0
0.0017450075829401612,0,0
0.016821855679154396,0,0
0.953839123249054,1,0
0.0036591840907931328,0,0
3.149768446064627e-08,0,0
0.00026687755598686635,0,0
0.001659370493143797,0,0
0.03093981370329857,0,0
0.0038954922929406166,0,0
0.0007224965374916792,0,0
0.019705941900610924,0,0
0.02487105503678322,0,0
0.0010470144916325808,0,0
0.07528889179229736,0,0
0.00019378068100195378,0,0
0.07851109653711319,0,0
9.953217158908956e-06,0,0
0.2996874153614044,0,0
1.854893343988806e-05,0,0
0.00576808350160718,0,0
0.028136618435382843,0,0
0.02152501791715622,0,0
0.00036782529787160456,0,0
0.0006862296140752733,0,0
0.000983515870757401,0,0
6.678507634205744e-05,0,0
0.11337179690599442,0,0
0.0879521444439888,0,0
0.00011921565601369366,0,0
0.6863940954208374,1,0
0.09779538214206696,0,0
0.00023428387066815048,0,0
8.285706280730665e-05,0,0
0.0003375372907612473,0,0
0.01390549074858427,0,0
8.872114267433062e-05,0,0
3.2517796171305235e-06,0,0
0.00018062152958009392,0,0
0.0006177353207021952,0,0
0.009828862734138966,0,0
0.0007629338069818914,0,0
0.002454472938552499,0,0
0.05199357122182846,0,0
0.0011502188863232732,0,0
0.0003002617449965328,0,0
0.00013186933938413858,0,0
6.042918539606035e-05,0,0
8.020602422220691e-07,0,0
0.004363883752375841,0,0
0.001986547838896513,0,0
2.5709026886033826e-05,0,0
0.9691962599754333,1,0
1.7226857380592264e-05,0,0
2.371720074734185e-05,0,0
0.006593693513423204,0,0
0.0001500892249168828,0,0
0.009200384840369225,0,0
0.5824397802352905,1,0
0.06908926367759705,0,0
0.6695608496665955,1,0
0.00014598571578972042,0,0
0.042991165071725845,0,0
0.007630383595824242,0,0
0.0018808910390362144,0,0
0.01621045358479023,0,0
0.8358425498008728,1,0
0.00029227009508758783,0,0
0.013139492832124233,0,0
0.1579166203737259,0,0
0.0005702594644390047,0,0
1.8051364349958021e-06,0,0
7.0232276812021155e-06,0,0
0.13296759128570557,0,0
0.09917115420103073,0,0
0.8816803097724915,1,0
4.2068513721460477e-05,0,0
0.0051788748241961,0,0
0.0007573297480121255,0,0
3.082538387388922e-05,0,0
1.2750996347676846e-06,0,0
0.052936166524887085,0,0
2.56354496741551e-07,0,0
0.004465708043426275,0,0
0.0012210574932396412,0,0
0.00013021806080359966,0,0
0.005801542196422815,0,0
0.0005239554448053241,0,0
0.005806035362184048,0,0
0.004986838437616825,0,0
0.00031705625588074327,0,0
0.001633519888855517,0,0
0.0036803181283175945,0,0
0.0003887246421072632,0,0
0.00172548892442137,0,0
0.0034149738494306803,0,0
0.010683607310056686,0,0
2.906491863541305e-05,0,0
1.4382736480911262e-05,0,0
1.3251011296233628e-05,0,0
0.06598671525716782,0,0
0.0005673067644238472,0,0
3.3574084227439016e-05,0,0
0.006402929313480854,0,0
0.008148360066115856,0,0
9.807985770748928e-05,0,0
0.5382370948791504,1,0
0.06316965073347092,0,0
0.554536759853363,1,0
0.005360007751733065,0,0
0.004924615379422903,0,0
0.15860354900360107,0,0
2.849654629244469e-05,0,0
0.007494149263948202,0,0
1.750464434735477e-05,0,0
0.11376947909593582,0,0
2.7297044198348885e-06,0,0
0.0068124146200716496,0,0
3.2981759432004765e-05,0,0
2.624136868689675e-05,0,0
0.0011416466441005468,0,0
0.058971431106328964,0,0
0.00036866890150122344,0,0
1.9502545001159888e-06,0,0
0.00532618397846818,0,0
0.0016938371118158102,0,0
8.186323611880653e-06,0,0
0.00030277244513854384,0,0
2.8291378839639947e-05,0,0
0.00223210989497602,0,0
0.0002827011630870402,0,0
0.8289450407028198,1,0
0.7504957914352417,1,0
0.0030066848266869783,0,0
0.022854162380099297,0,0
0.0003032106324099004,0,0
0.0006290897727012634,0,0
0.2010308802127838,0,0
0.001399900997057557,0,0
8.471933142573107e-06,0,0
0.028022777289152145,0,0
7.347270002355799e-05,0,0
0.000367874774383381,0,0
0.1553492248058319,0,0
5.8340483519714326e-05,0,0
0.2663763761520386,0,0
5.3110117733012885e-05,0,0
8.739208715269342e-05,0,0
0.007478177081793547,0,0
0.0008763244259171188,0,0
0.2805975079536438,0,0
0.016300681978464127,0,0
0.00013016603770665824,0,0
0.01501115970313549,0,0
0.02433495968580246,0,0
3.6938422454113606e-06,0,0
0.000244701310293749,0,0
0.00020702028996311128,0,0
0.0014668641379103065,0,0
7.533764346590033e-06,0,0
0.00020941992988809943,0,0
0.2183375209569931,0,0
1.0627225492498837e-05,0,0
0.002650524489581585,0,0
0.7606154084205627,1,0
0.00034678695374168456,0,0
0.0017916312208399177,0,0
0.00872550718486309,0,0
0.43410056829452515,0,0
0.003287447150796652,0,0
0.0003809710906352848,0,0
0.012058743275702,0,0
1.523870309938502e-06,0,0
0.009130781516432762,0,0
0.193538635969162,0,0
1.8816881492966786e-05,0,0
5.054546636529267e-05,0,0
0.003344576805830002,0,0
4.851329140365124e-05,0,0
0.0008821683004498482,0,0
0.5025144219398499,1,0
0.0006041750893928111,0,0
0.0019891918636858463,0,0
0.002321257023140788,0,0
9.798804967431352e-05,0,0
3.2829361771291588e-06,0,0
4.711932888312731e-06,0,0
0.0433550588786602,0,0
0.22962720692157745,0,0
0.14350968599319458,0,0
0.0005562762962654233,0,0
2.580952423159033e-05,0,0
4.827405064133927e-05,0,0
3.137305975542404e-05,0,0
2.8383203243720345e-05,0,0
0.10884930938482285,0,0
0.3029167652130127,0,0
0.0002988070482388139,0,0
0.00023185437021311373,0,0
0.9953279495239258,1,0
0.015807580202817917,0,0
0.11701733618974686,0,0
0.320965975522995,0,0
0.8489464521408081,1,0
9.465558105148375e-05,0,0
0.00015651871217414737,0,0
0.1851252317428589,0,0
8.549376798328012e-05,0,0
0.2334045022726059,0,0
0.2327832281589508,0,0
6.184296580613591e-06,0,0
0.00052246282575652,0,0
0.026537472382187843,0,0
6.638131890213117e-05,0,0
1.313515895162709e-05,0,0
0.0022302712313830853,0,0
0.012284875847399235,0,0
0.001495265169069171,0,0
0.0012082763714715838,0,0
0.03495163470506668,0,0
0.07857170701026917,0,0
0.11884889751672745,0,0
0.00010478920739842579,0,0
0.6480600237846375,1,0
0.0057628219947218895,0,0
2.7564672564039938e-05,0,0
0.010152914561331272,0,0
0.00011079020623583347,0,0
0.16495400667190552,0,0
0.005195720586925745,0,0
0.133866086602211,0,0
0.0003281644603703171,0,0
0.0025690628681331873,0,0
0.0017123641446232796,0,0
0.02700759656727314,0,0
9.392253559781238e-06,0,0
0.010507185012102127,0,0
0.020122533664107323,0,0
0.00900658592581749,0,0
0.8917244672775269,1,0
2.3398435587296262e-05,0,0
0.054932139813899994,0,0
0.7849214673042297,1,0
0.09526637196540833,0,0
1.9038620848732535e-06,0,0
0.3843197822570801,0,0
1.3336154552234802e-05,0,0
0.04744647070765495,0,0
0.025897063314914703,0,0
0.013156469911336899,0,0
0.00023800035705789924,0,0
0.8442860245704651,1,0
0.30411431193351746,0,0
0.004861473571509123,0,0
0.0036843926645815372,0,0
7.4829463301284704e-06,0,0
0.00013877407764084637,0,0
0.0005275701987557113,0,0
0.00015367078594863415,0,0
0.006888652220368385,0,0
0.0005472460761666298,0,0
0.06998500972986221,0,0
0.0027128958608955145,0,0
1.945564326888416e-05,0,0
0.01659732684493065,0,0
0.0075223734602332115,0,0
5.418631189968437e-06,0,0
0.007042179349809885,0,0
0.0007758274441584945,0,0
0.003249556990340352,0,0
0.0008391631999984384,0,0
0.00024176813894882798,0,0
6.443341362682986e-07,0,0
0.00010688837937777862,0,0
0.6341241598129272,1,0
7.301362529688049e-06,0,0
0.03907755762338638,0,0
9.299275916418992e-06,0,0
0.00010893815488088876,0,0
0.000846141017973423,0,0
0.00013098632916808128,0,0
0.18883702158927917,0,0
0.907977283000946,1,0
0.0003395451058167964,0,0
2.1632499738188926e-06,0,0
0.014522852376103401,0,0
0.22537405788898468,0,0
0.00018714192265179008,0,0
0.09787453711032867,0,0
0.00012989278184249997,0,0
0.0005351233994588256,0,0
0.049563925713300705,0,0
4.854870439885417e-06,0,0
0.07244085520505905,0,0
0.02952481061220169,0,0
1.4051906873646658e-06,0,0
1.048073227138957e-05,0,0
0.0002977003459818661,0,0
0.02890716679394245,0,0
0.0006903167814016342,0,0
0.011083129793405533,0,0
0.032849907875061035,0,0
0.01369544118642807,0,0
0.9997233748435974,1,0
0.0003752990160137415,0,0
0.0004495288012549281,0,0
0.6692090034484863,1,0
0.0016787218628451228,0,0
0.016182757914066315,0,0
0.00038934563053771853,0,0
0.02730843797326088,0,0
8.011396857909858e-05,0,0
0.010979012586176395,0,0
0.0514107346534729,0,0
0.00047957233618944883,0,0
0.0002747238031588495,0,0
0.000595992140006274,0,0
0.16029857099056244,0,0
0.0004056953766848892,0,0
0.00013300108548719436,0,0
0.03235720098018646,0,0
0.0005459396634250879,0,0
0.14376993477344513,0,0
0.004092096351087093,0,0
3.493345502647571e-05,0,0
0.19973304867744446,0,0
0.0009497667197138071,0,0
0.0036286627873778343,0,0
0.004928215406835079,0,0
1.2616785170393996e-05,0,0
0.0009154942235909402,0,0
6.92544381308835e-06,0,0
4.400781472213566e-05,0,0
2.219916495960206e-06,0,0
0.015270446427166462,0,0
0.002662557177245617,0,0
0.00015896509285084903,0,0
3.174734229105525e-05,0,0
0.002844673115760088,0,0
0.04197673872113228,0,0
0.005819595418870449,0,0
0.0035544729325920343,0,0
0.0007796739810146391,0,0
0.009806279093027115,0,0
0.007466532289981842,0,0
0.08826497942209244,0,0
0.011820892803370953,0,0
0.038946326822042465,0,0
0.21609261631965637,0,0
0.04199604690074921,0,0
0.02461627684533596,0,0
0.03133280202746391,0,0
1.854403490142431e-05,0,0
0.12914103269577026,0,0
4.95308904646663e-06,0,0
0.003071781247854233,0,0
